Date,Sunset
2025-01-01,2025-01-01T23:52:37+00:00
2025-01-02,2025-01-02T23:53:27+00:00
2025-01-03,2025-01-03T23:54:19+00:00
2025-01-04,2025-01-04T23:55:12+00:00
2025-01-05,2025-01-05T23:56:07+00:00
2025-01-06,2025-01-06T23:57:03+00:00
2025-01-07,2025-01-07T23:58:00+00:00
2025-01-08,2025-01-08T23:58:58+00:00
2025-01-09,2025-01-09T23:59:58+00:00
2025-01-10,2025-01-11T00:00:58+00:00
2025-01-11,2025-01-12T00:02:00+00:00
2025-01-12,2025-01-13T00:03:02+00:00
2025-01-13,2025-01-14T00:04:05+00:00
2025-01-14,2025-01-15T00:05:10+00:00
2025-01-15,2025-01-16T00:06:15+00:00
2025-01-16,2025-01-17T00:07:20+00:00
2025-01-17,2025-01-18T00:08:27+00:00
2025-01-18,2025-01-19T00:09:34+00:00
2025-01-19,2025-01-20T00:10:41+00:00
2025-01-20,2025-01-21T00:11:49+00:00
2025-01-21,2025-01-22T00:12:58+00:00
2025-01-22,2025-01-23T00:14:07+00:00
2025-01-23,2025-01-24T00:15:16+00:00
2025-01-24,2025-01-25T00:16:26+00:00
2025-01-25,2025-01-26T00:17:36+00:00
2025-01-26,2025-01-27T00:18:47+00:00
2025-01-27,2025-01-28T00:19:57+00:00
2025-01-28,2025-01-29T00:21:08+00:00
2025-01-29,2025-01-30T00:22:19+00:00
2025-01-30,2025-01-31T00:23:30+00:00
2025-01-31,2025-02-01T00:24:41+00:00
2025-02-01,2025-02-02T00:25:53+00:00
2025-02-02,2025-02-03T00:27:04+00:00
2025-02-03,2025-02-04T00:28:15+00:00
2025-02-04,2025-02-05T00:29:26+00:00
2025-02-05,2025-02-06T00:30:37+00:00
2025-02-06,2025-02-07T00:31:48+00:00
2025-02-07,2025-02-08T00:32:59+00:00
2025-02-08,2025-02-09T00:34:10+00:00
2025-02-09,2025-02-10T00:35:21+00:00
2025-02-10,2025-02-11T00:36:31+00:00
2025-02-11,2025-02-12T00:37:41+00:00
2025-02-12,2025-02-13T00:38:51+00:00
2025-02-13,2025-02-14T00:40:01+00:00
2025-02-14,2025-02-15T00:41:11+00:00
2025-02-15,2025-02-16T00:42:20+00:00
2025-02-16,2025-02-17T00:43:29+00:00
2025-02-17,2025-02-18T00:44:38+00:00
2025-02-18,2025-02-19T00:45:46+00:00
2025-02-19,2025-02-20T00:46:54+00:00
2025-02-20,2025-02-21T00:48:02+00:00
2025-02-21,2025-02-22T00:49:10+00:00
2025-02-22,2025-02-23T00:50:17+00:00
2025-02-23,2025-02-24T00:51:24+00:00
2025-02-24,2025-02-25T00:52:31+00:00
2025-02-25,2025-02-26T00:53:38+00:00
2025-02-26,2025-02-27T00:54:44+00:00
2025-02-27,2025-02-28T00:55:50+00:00
2025-02-28,2025-03-01T00:56:55+00:00
2025-03-01,2025-03-02T00:58:00+00:00
2025-03-02,2025-03-03T00:59:05+00:00
2025-03-03,2025-03-04T01:00:10+00:00
2025-03-04,2025-03-05T01:01:14+00:00
2025-03-05,2025-03-06T01:02:19+00:00
2025-03-06,2025-03-07T01:03:22+00:00
2025-03-07,2025-03-08T01:04:26+00:00
2025-03-08,2025-03-09T01:05:29+00:00
2025-03-09,2025-03-10T01:06:32+00:00
2025-03-10,2025-03-11T01:07:35+00:00
2025-03-11,2025-03-12T01:08:38+00:00
2025-03-12,2025-03-13T01:09:40+00:00
2025-03-13,2025-03-14T01:10:42+00:00
2025-03-14,2025-03-15T01:11:44+00:00
2025-03-15,2025-03-16T01:12:46+00:00
2025-03-16,2025-03-17T01:13:47+00:00
2025-03-17,2025-03-18T01:14:49+00:00
2025-03-18,2025-03-19T01:15:50+00:00
2025-03-19,2025-03-20T01:16:51+00:00
2025-03-20,2025-03-21T01:17:52+00:00
2025-03-21,2025-03-22T01:18:53+00:00
2025-03-22,2025-03-23T01:19:53+00:00
2025-03-23,2025-03-24T01:20:54+00:00
2025-03-24,2025-03-25T01:21:54+00:00
2025-03-25,2025-03-26T01:22:55+00:00
2025-03-26,2025-03-27T01:23:55+00:00
2025-03-27,2025-03-28T01:24:55+00:00
2025-03-28,2025-03-29T01:25:55+00:00
2025-03-29,2025-03-30T01:26:55+00:00
2025-03-30,2025-03-31T01:27:55+00:00
2025-03-31,2025-04-01T01:28:55+00:00
2025-04-01,2025-04-02T01:29:55+00:00
2025-04-02,2025-04-03T01:30:55+00:00
2025-04-03,2025-04-04T01:31:55+00:00
2025-04-04,2025-04-05T01:32:55+00:00
2025-04-05,2025-04-06T01:33:55+00:00
2025-04-06,2025-04-07T01:34:55+00:00
2025-04-07,2025-04-08T01:35:55+00:00
2025-04-08,2025-04-09T01:36:55+00:00
2025-04-09,2025-04-10T01:37:55+00:00
2025-04-10,2025-04-11T01:38:54+00:00
2025-04-11,2025-04-12T01:39:54+00:00
2025-04-12,2025-04-13T01:40:55+00:00
2025-04-13,2025-04-14T01:41:55+00:00
2025-04-14,2025-04-15T01:42:55+00:00
2025-04-15,2025-04-16T01:43:55+00:00
2025-04-16,2025-04-17T01:44:55+00:00
2025-04-17,2025-04-18T01:45:55+00:00
2025-04-18,2025-04-19T01:46:55+00:00
2025-04-19,2025-04-20T01:47:56+00:00
2025-04-20,2025-04-21T01:48:56+00:00
2025-04-21,2025-04-22T01:49:56+00:00
2025-04-22,2025-04-23T01:50:56+00:00
2025-04-23,2025-04-24T01:51:57+00:00
2025-04-24,2025-04-25T01:52:57+00:00
2025-04-25,2025-04-26T01:53:57+00:00
2025-04-26,2025-04-27T01:54:58+00:00
2025-04-27,2025-04-28T01:55:58+00:00
2025-04-28,2025-04-29T01:56:58+00:00
2025-04-29,2025-04-30T01:57:58+00:00
2025-04-30,2025-05-01T01:58:58+00:00
2025-05-01,2025-05-02T01:59:58+00:00
2025-05-02,2025-05-03T02:00:58+00:00
2025-05-03,2025-05-04T02:01:57+00:00
2025-05-04,2025-05-05T02:02:57+00:00
2025-05-05,2025-05-06T02:03:56+00:00
2025-05-06,2025-05-07T02:04:55+00:00
2025-05-07,2025-05-08T02:05:54+00:00
2025-05-08,2025-05-09T02:06:53+00:00
2025-05-09,2025-05-10T02:07:51+00:00
2025-05-10,2025-05-11T02:08:49+00:00
2025-05-11,2025-05-12T02:09:47+00:00
2025-05-12,2025-05-13T02:10:44+00:00
2025-05-13,2025-05-14T02:11:41+00:00
2025-05-14,2025-05-15T02:12:38+00:00
2025-05-15,2025-05-16T02:13:34+00:00
2025-05-16,2025-05-17T02:14:30+00:00
2025-05-17,2025-05-18T02:15:25+00:00
2025-05-18,2025-05-19T02:16:20+00:00
2025-05-19,2025-05-20T02:17:14+00:00
2025-05-20,2025-05-21T02:18:07+00:00
2025-05-21,2025-05-22T02:19:00+00:00
2025-05-22,2025-05-23T02:19:52+00:00
2025-05-23,2025-05-24T02:20:43+00:00
2025-05-24,2025-05-25T02:21:34+00:00
2025-05-25,2025-05-26T02:22:23+00:00
2025-05-26,2025-05-27T02:23:12+00:00
2025-05-27,2025-05-28T02:24:00+00:00
2025-05-28,2025-05-29T02:24:47+00:00
2025-05-29,2025-05-30T02:25:33+00:00
2025-05-30,2025-05-31T02:26:18+00:00
2025-05-31,2025-06-01T02:27:02+00:00
2025-06-01,2025-06-02T02:27:45+00:00
2025-06-02,2025-06-03T02:28:27+00:00
2025-06-03,2025-06-04T02:29:07+00:00
2025-06-04,2025-06-05T02:29:47+00:00
2025-06-05,2025-06-06T02:30:25+00:00
2025-06-06,2025-06-07T02:31:02+00:00
2025-06-07,2025-06-08T02:31:37+00:00
2025-06-08,2025-06-09T02:32:11+00:00
2025-06-09,2025-06-10T02:32:43+00:00
2025-06-10,2025-06-11T02:33:14+00:00
2025-06-11,2025-06-12T02:33:44+00:00
2025-06-12,2025-06-13T02:34:12+00:00
2025-06-13,2025-06-14T02:34:38+00:00
2025-06-14,2025-06-15T02:35:03+00:00
2025-06-15,2025-06-16T02:35:26+00:00
2025-06-16,2025-06-17T02:35:48+00:00
2025-06-17,2025-06-18T02:36:08+00:00
2025-06-18,2025-06-19T02:36:26+00:00
2025-06-19,2025-06-20T02:36:42+00:00
2025-06-20,2025-06-21T02:36:57+00:00
2025-06-21,2025-06-22T02:37:09+00:00
2025-06-22,2025-06-23T02:37:20+00:00
2025-06-23,2025-06-24T02:37:29+00:00
2025-06-24,2025-06-25T02:37:36+00:00
2025-06-25,2025-06-26T02:37:42+00:00
2025-06-26,2025-06-27T02:37:45+00:00
2025-06-27,2025-06-28T02:37:46+00:00
2025-06-28,2025-06-29T02:37:46+00:00
2025-06-29,2025-06-30T02:37:43+00:00
2025-06-30,2025-07-01T02:37:39+00:00
2025-07-01,2025-07-02T02:37:33+00:00
2025-07-02,2025-07-03T02:37:24+00:00
2025-07-03,2025-07-04T02:37:14+00:00
2025-07-04,2025-07-05T02:37:02+00:00
2025-07-05,2025-07-06T02:36:47+00:00
2025-07-06,2025-07-07T02:36:31+00:00
2025-07-07,2025-07-08T02:36:13+00:00
2025-07-08,2025-07-09T02:35:53+00:00
2025-07-09,2025-07-10T02:35:31+00:00
2025-07-10,2025-07-11T02:35:07+00:00
2025-07-11,2025-07-12T02:34:41+00:00
2025-07-12,2025-07-13T02:34:13+00:00
2025-07-13,2025-07-14T02:33:43+00:00
2025-07-14,2025-07-15T02:33:11+00:00
2025-07-15,2025-07-16T02:32:37+00:00
2025-07-16,2025-07-17T02:32:02+00:00
2025-07-17,2025-07-18T02:31:24+00:00
2025-07-18,2025-07-19T02:30:45+00:00
2025-07-19,2025-07-20T02:30:04+00:00
2025-07-20,2025-07-21T02:29:21+00:00
2025-07-21,2025-07-22T02:28:36+00:00
2025-07-22,2025-07-23T02:27:50+00:00
2025-07-23,2025-07-24T02:27:02+00:00
2025-07-24,2025-07-25T02:26:12+00:00
2025-07-25,2025-07-26T02:25:20+00:00
2025-07-26,2025-07-27T02:24:27+00:00
2025-07-27,2025-07-28T02:23:32+00:00
2025-07-28,2025-07-29T02:22:36+00:00
2025-07-29,2025-07-30T02:21:38+00:00
2025-07-30,2025-07-31T02:20:38+00:00
2025-07-31,2025-08-01T02:19:37+00:00
2025-08-01,2025-08-02T02:18:34+00:00
2025-08-02,2025-08-03T02:17:30+00:00
2025-08-03,2025-08-04T02:16:25+00:00
2025-08-04,2025-08-05T02:15:18+00:00
2025-08-05,2025-08-06T02:14:09+00:00
2025-08-06,2025-08-07T02:13:00+00:00
2025-08-07,2025-08-08T02:11:49+00:00
2025-08-08,2025-08-09T02:10:36+00:00
2025-08-09,2025-08-10T02:09:23+00:00
2025-08-10,2025-08-11T02:08:08+00:00
2025-08-11,2025-08-12T02:06:52+00:00
2025-08-12,2025-08-13T02:05:35+00:00
2025-08-13,2025-08-14T02:04:17+00:00
2025-08-14,2025-08-15T02:02:57+00:00
2025-08-15,2025-08-16T02:01:37+00:00
2025-08-16,2025-08-17T02:00:15+00:00
2025-08-17,2025-08-18T01:58:53+00:00
2025-08-18,2025-08-19T01:57:29+00:00
2025-08-19,2025-08-20T01:56:05+00:00
2025-08-20,2025-08-21T01:54:39+00:00
2025-08-21,2025-08-22T01:53:13+00:00
2025-08-22,2025-08-23T01:51:46+00:00
2025-08-23,2025-08-24T01:50:18+00:00
2025-08-24,2025-08-25T01:48:49+00:00
2025-08-25,2025-08-26T01:47:20+00:00
2025-08-26,2025-08-27T01:45:50+00:00
2025-08-27,2025-08-28T01:44:19+00:00
2025-08-28,2025-08-29T01:42:47+00:00
2025-08-29,2025-08-30T01:41:15+00:00
2025-08-30,2025-08-31T01:39:42+00:00
2025-08-31,2025-09-01T01:38:09+00:00
2025-09-01,2025-09-02T01:36:35+00:00
2025-09-02,2025-09-03T01:35:00+00:00
2025-09-03,2025-09-04T01:33:25+00:00
2025-09-04,2025-09-05T01:31:50+00:00
2025-09-05,2025-09-06T01:30:14+00:00
2025-09-06,2025-09-07T01:28:38+00:00
2025-09-07,2025-09-08T01:27:01+00:00
2025-09-08,2025-09-09T01:25:24+00:00
2025-09-09,2025-09-10T01:23:47+00:00
2025-09-10,2025-09-11T01:22:10+00:00
2025-09-11,2025-09-12T01:20:32+00:00
2025-09-12,2025-09-13T01:18:54+00:00
2025-09-13,2025-09-14T01:17:16+00:00
2025-09-14,2025-09-15T01:15:37+00:00
2025-09-15,2025-09-16T01:13:59+00:00
2025-09-16,2025-09-17T01:12:20+00:00
2025-09-17,2025-09-18T01:10:42+00:00
2025-09-18,2025-09-19T01:09:03+00:00
2025-09-19,2025-09-20T01:07:24+00:00
2025-09-20,2025-09-21T01:05:46+00:00
2025-09-21,2025-09-22T01:04:07+00:00
2025-09-22,2025-09-23T01:02:28+00:00
2025-09-23,2025-09-24T01:00:50+00:00
2025-09-24,2025-09-25T00:59:11+00:00
2025-09-25,2025-09-26T00:57:33+00:00
2025-09-26,2025-09-27T00:55:55+00:00
2025-09-27,2025-09-28T00:54:18+00:00
2025-09-28,2025-09-29T00:52:40+00:00
2025-09-29,2025-09-30T00:51:03+00:00
2025-09-30,2025-10-01T00:49:26+00:00
2025-10-01,2025-10-02T00:47:49+00:00
2025-10-02,2025-10-03T00:46:13+00:00
2025-10-03,2025-10-04T00:44:37+00:00
2025-10-04,2025-10-05T00:43:02+00:00
2025-10-05,2025-10-06T00:41:27+00:00
2025-10-06,2025-10-07T00:39:53+00:00
2025-10-07,2025-10-08T00:38:19+00:00
2025-10-08,2025-10-09T00:36:46+00:00
2025-10-09,2025-10-10T00:35:13+00:00
2025-10-10,2025-10-11T00:33:41+00:00
2025-10-11,2025-10-12T00:32:10+00:00
2025-10-12,2025-10-13T00:30:39+00:00
2025-10-13,2025-10-14T00:29:09+00:00
2025-10-14,2025-10-15T00:27:40+00:00
2025-10-15,2025-10-16T00:26:11+00:00
2025-10-16,2025-10-17T00:24:44+00:00
2025-10-17,2025-10-18T00:23:17+00:00
2025-10-18,2025-10-19T00:21:51+00:00
2025-10-19,2025-10-20T00:20:26+00:00
2025-10-20,2025-10-21T00:19:02+00:00
2025-10-21,2025-10-22T00:17:39+00:00
2025-10-22,2025-10-23T00:16:17+00:00
2025-10-23,2025-10-24T00:14:56+00:00
2025-10-24,2025-10-25T00:13:36+00:00
2025-10-25,2025-10-26T00:12:17+00:00
2025-10-26,2025-10-27T00:11:00+00:00
2025-10-27,2025-10-28T00:09:43+00:00
2025-10-28,2025-10-29T00:08:28+00:00
2025-10-29,2025-10-30T00:07:14+00:00
2025-10-30,2025-10-31T00:06:02+00:00
2025-10-31,2025-11-01T00:04:51+00:00
2025-11-01,2025-11-02T00:03:41+00:00
2025-11-02,2025-11-03T00:02:32+00:00
2025-11-03,2025-11-04T00:01:25+00:00
2025-11-04,2025-11-05T00:00:20+00:00
2025-11-05,2025-11-05T23:59:16+00:00
2025-11-06,2025-11-06T23:58:13+00:00
2025-11-07,2025-11-07T23:57:12+00:00
2025-11-08,2025-11-08T23:56:13+00:00
2025-11-09,2025-11-09T23:55:15+00:00
2025-11-10,2025-11-10T23:54:19+00:00
2025-11-11,2025-11-11T23:53:25+00:00
2025-11-12,2025-11-12T23:52:32+00:00
2025-11-13,2025-11-13T23:51:42+00:00
2025-11-14,2025-11-14T23:50:53+00:00
2025-11-15,2025-11-15T23:50:05+00:00
2025-11-16,2025-11-16T23:49:20+00:00
2025-11-17,2025-11-17T23:48:37+00:00
2025-11-18,2025-11-18T23:47:55+00:00
2025-11-19,2025-11-19T23:47:16+00:00
2025-11-20,2025-11-20T23:46:38+00:00
2025-11-21,2025-11-21T23:46:03+00:00
2025-11-22,2025-11-22T23:45:30+00:00
2025-11-23,2025-11-23T23:44:58+00:00
2025-11-24,2025-11-24T23:44:29+00:00
2025-11-25,2025-11-25T23:44:02+00:00
2025-11-26,2025-11-26T23:43:37+00:00
2025-11-27,2025-11-27T23:43:14+00:00
2025-11-28,2025-11-28T23:42:53+00:00
2025-11-29,2025-11-29T23:42:34+00:00
2025-11-30,2025-11-30T23:42:18+00:00
2025-12-01,2025-12-01T23:42:04+00:00
2025-12-02,2025-12-02T23:41:52+00:00
2025-12-03,2025-12-03T23:41:42+00:00
2025-12-04,2025-12-04T23:41:34+00:00
2025-12-05,2025-12-05T23:41:29+00:00
2025-12-06,2025-12-06T23:41:26+00:00
2025-12-07,2025-12-07T23:41:25+00:00
2025-12-08,2025-12-08T23:41:26+00:00
2025-12-09,2025-12-09T23:41:30+00:00
2025-12-10,2025-12-10T23:41:36+00:00
2025-12-11,2025-12-11T23:41:44+00:00
2025-12-12,2025-12-12T23:41:54+00:00
2025-12-13,2025-12-13T23:42:06+00:00
2025-12-14,2025-12-14T23:42:21+00:00
2025-12-15,2025-12-15T23:42:37+00:00
2025-12-16,2025-12-16T23:42:56+00:00
2025-12-17,2025-12-17T23:43:17+00:00
2025-12-18,2025-12-18T23:43:40+00:00
2025-12-19,2025-12-19T23:44:06+00:00
2025-12-20,2025-12-20T23:44:33+00:00
2025-12-21,2025-12-21T23:45:02+00:00
2025-12-22,2025-12-22T23:45:33+00:00
2025-12-23,2025-12-23T23:46:06+00:00
2025-12-24,2025-12-24T23:46:41+00:00
2025-12-25,2025-12-25T23:47:18+00:00
2025-12-26,2025-12-26T23:47:57+00:00
2025-12-27,2025-12-27T23:48:37+00:00
2025-12-28,2025-12-28T23:49:19+00:00
2025-12-29,2025-12-29T23:50:03+00:00
2025-12-30,2025-12-30T23:50:49+00:00
2025-12-31,2025-12-31T23:51:36+00:00
2026-01-01,2026-01-01T23:52:24+00:00
2026-01-02,2026-01-02T23:53:15+00:00
2026-01-03,2026-01-03T23:54:06+00:00
2026-01-04,2026-01-04T23:54:59+00:00
2026-01-05,2026-01-05T23:55:54+00:00
2026-01-06,2026-01-06T23:56:49+00:00
2026-01-07,2026-01-07T23:57:46+00:00
2026-01-08,2026-01-08T23:58:44+00:00
2026-01-09,2026-01-09T23:59:43+00:00
2026-01-10,2026-01-11T00:00:43+00:00
2026-01-11,2026-01-12T00:01:45+00:00
2026-01-12,2026-01-13T00:02:47+00:00
2026-01-13,2026-01-14T00:03:50+00:00
2026-01-14,2026-01-15T00:04:54+00:00
2026-01-15,2026-01-16T00:05:59+00:00
2026-01-16,2026-01-17T00:07:04+00:00
2026-01-17,2026-01-18T00:08:10+00:00
2026-01-18,2026-01-19T00:09:17+00:00
2026-01-19,2026-01-20T00:10:25+00:00
2026-01-20,2026-01-21T00:11:33+00:00
2026-01-21,2026-01-22T00:12:41+00:00
2026-01-22,2026-01-23T00:13:50+00:00
2026-01-23,2026-01-24T00:14:59+00:00
2026-01-24,2026-01-25T00:16:09+00:00
2026-01-25,2026-01-26T00:17:19+00:00
2026-01-26,2026-01-27T00:18:30+00:00
2026-01-27,2026-01-28T00:19:40+00:00
2026-01-28,2026-01-29T00:20:51+00:00
2026-01-29,2026-01-30T00:22:02+00:00
2026-01-30,2026-01-31T00:23:13+00:00
2026-01-31,2026-02-01T00:24:24+00:00
2026-02-01,2026-02-02T00:25:35+00:00
2026-02-02,2026-02-03T00:26:46+00:00
2026-02-03,2026-02-04T00:27:58+00:00
2026-02-04,2026-02-05T00:29:09+00:00
2026-02-05,2026-02-06T00:30:20+00:00
2026-02-06,2026-02-07T00:31:31+00:00
2026-02-07,2026-02-08T00:32:42+00:00
2026-02-08,2026-02-09T00:33:53+00:00
2026-02-09,2026-02-10T00:35:03+00:00
2026-02-10,2026-02-11T00:36:14+00:00
2026-02-11,2026-02-12T00:37:24+00:00
2026-02-12,2026-02-13T00:38:34+00:00
2026-02-13,2026-02-14T00:39:44+00:00
2026-02-14,2026-02-15T00:40:54+00:00
2026-02-15,2026-02-16T00:42:03+00:00
2026-02-16,2026-02-17T00:43:12+00:00
2026-02-17,2026-02-18T00:44:21+00:00
2026-02-18,2026-02-19T00:45:30+00:00
2026-02-19,2026-02-20T00:46:38+00:00
2026-02-20,2026-02-21T00:47:46+00:00
2026-02-21,2026-02-22T00:48:54+00:00
2026-02-22,2026-02-23T00:50:01+00:00
2026-02-23,2026-02-24T00:51:08+00:00
2026-02-24,2026-02-25T00:52:15+00:00
2026-02-25,2026-02-26T00:53:21+00:00
2026-02-26,2026-02-27T00:54:28+00:00
2026-02-27,2026-02-28T00:55:34+00:00
2026-02-28,2026-03-01T00:56:39+00:00
2026-03-01,2026-03-02T00:57:45+00:00
2026-03-02,2026-03-03T00:58:50+00:00
2026-03-03,2026-03-04T00:59:54+00:00
2026-03-04,2026-03-05T01:00:59+00:00
2026-03-05,2026-03-06T01:02:03+00:00
2026-03-06,2026-03-07T01:03:07+00:00
2026-03-07,2026-03-08T01:04:10+00:00
2026-03-08,2026-03-09T01:05:14+00:00
2026-03-09,2026-03-10T01:06:17+00:00
2026-03-10,2026-03-11T01:07:20+00:00
2026-03-11,2026-03-12T01:08:22+00:00
2026-03-12,2026-03-13T01:09:25+00:00
2026-03-13,2026-03-14T01:10:27+00:00
2026-03-14,2026-03-15T01:11:29+00:00
2026-03-15,2026-03-16T01:12:31+00:00
2026-03-16,2026-03-17T01:13:32+00:00
2026-03-17,2026-03-18T01:14:34+00:00
2026-03-18,2026-03-19T01:15:35+00:00
2026-03-19,2026-03-20T01:16:36+00:00
2026-03-20,2026-03-21T01:17:37+00:00
2026-03-21,2026-03-22T01:18:38+00:00
2026-03-22,2026-03-23T01:19:39+00:00
2026-03-23,2026-03-24T01:20:39+00:00
2026-03-24,2026-03-25T01:21:40+00:00
2026-03-25,2026-03-26T01:22:40+00:00
2026-03-26,2026-03-27T01:23:40+00:00
2026-03-27,2026-03-28T01:24:40+00:00
2026-03-28,2026-03-29T01:25:41+00:00
2026-03-29,2026-03-30T01:26:41+00:00
2026-03-30,2026-03-31T01:27:41+00:00
2026-03-31,2026-04-01T01:28:41+00:00
2026-04-01,2026-04-02T01:29:41+00:00
2026-04-02,2026-04-03T01:30:41+00:00
2026-04-03,2026-04-04T01:31:40+00:00
2026-04-04,2026-04-05T01:32:40+00:00
2026-04-05,2026-04-06T01:33:40+00:00
2026-04-06,2026-04-07T01:34:40+00:00
2026-04-07,2026-04-08T01:35:40+00:00
2026-04-08,2026-04-09T01:36:40+00:00
2026-04-09,2026-04-10T01:37:40+00:00
2026-04-10,2026-04-11T01:38:40+00:00
2026-04-11,2026-04-12T01:39:40+00:00
2026-04-12,2026-04-13T01:40:40+00:00
2026-04-13,2026-04-14T01:41:40+00:00
2026-04-14,2026-04-15T01:42:40+00:00
2026-04-15,2026-04-16T01:43:40+00:00
2026-04-16,2026-04-17T01:44:40+00:00
2026-04-17,2026-04-18T01:45:41+00:00
2026-04-18,2026-04-19T01:46:41+00:00
2026-04-19,2026-04-20T01:47:41+00:00
2026-04-20,2026-04-21T01:48:41+00:00
2026-04-21,2026-04-22T01:49:42+00:00
2026-04-22,2026-04-23T01:50:42+00:00
2026-04-23,2026-04-24T01:51:42+00:00
2026-04-24,2026-04-25T01:52:42+00:00
2026-04-25,2026-04-26T01:53:43+00:00
2026-04-26,2026-04-27T01:54:43+00:00
2026-04-27,2026-04-28T01:55:43+00:00
2026-04-28,2026-04-29T01:56:43+00:00
2026-04-29,2026-04-30T01:57:43+00:00
2026-04-30,2026-05-01T01:58:43+00:00
2026-05-01,2026-05-02T01:59:43+00:00
2026-05-02,2026-05-03T02:00:43+00:00
2026-05-03,2026-05-04T02:01:43+00:00
2026-05-04,2026-05-05T02:02:42+00:00
2026-05-05,2026-05-06T02:03:42+00:00
2026-05-06,2026-05-07T02:04:41+00:00
2026-05-07,2026-05-08T02:05:40+00:00
2026-05-08,2026-05-09T02:06:39+00:00
2026-05-09,2026-05-10T02:07:37+00:00
2026-05-10,2026-05-11T02:08:35+00:00
2026-05-11,2026-05-12T02:09:33+00:00
2026-05-12,2026-05-13T02:10:31+00:00
2026-05-13,2026-05-14T02:11:28+00:00
2026-05-14,2026-05-15T02:12:24+00:00
2026-05-15,2026-05-16T02:13:21+00:00
2026-05-16,2026-05-17T02:14:16+00:00
2026-05-17,2026-05-18T02:15:12+00:00
2026-05-18,2026-05-19T02:16:07+00:00
2026-05-19,2026-05-20T02:17:01+00:00
2026-05-20,2026-05-21T02:17:54+00:00
2026-05-21,2026-05-22T02:18:47+00:00
2026-05-22,2026-05-23T02:19:39+00:00
2026-05-23,2026-05-24T02:20:31+00:00
2026-05-24,2026-05-25T02:21:22+00:00
2026-05-25,2026-05-26T02:22:12+00:00
2026-05-26,2026-05-27T02:23:01+00:00
2026-05-27,2026-05-28T02:23:49+00:00
2026-05-28,2026-05-29T02:24:36+00:00
2026-05-29,2026-05-30T02:25:22+00:00
2026-05-30,2026-05-31T02:26:08+00:00
2026-05-31,2026-06-01T02:26:52+00:00
2026-06-01,2026-06-02T02:27:35+00:00
2026-06-02,2026-06-03T02:28:17+00:00
2026-06-03,2026-06-04T02:28:58+00:00
2026-06-04,2026-06-05T02:29:37+00:00
2026-06-05,2026-06-06T02:30:16+00:00
2026-06-06,2026-06-07T02:30:53+00:00
2026-06-07,2026-06-08T02:31:29+00:00
2026-06-08,2026-06-09T02:32:03+00:00
2026-06-09,2026-06-10T02:32:36+00:00
2026-06-10,2026-06-11T02:33:07+00:00
2026-06-11,2026-06-12T02:33:37+00:00
2026-06-12,2026-06-13T02:34:05+00:00
2026-06-13,2026-06-14T02:34:32+00:00
2026-06-14,2026-06-15T02:34:58+00:00
2026-06-15,2026-06-16T02:35:21+00:00
2026-06-16,2026-06-17T02:35:43+00:00
2026-06-17,2026-06-18T02:36:03+00:00
2026-06-18,2026-06-19T02:36:22+00:00
2026-06-19,2026-06-20T02:36:38+00:00
2026-06-20,2026-06-21T02:36:53+00:00
2026-06-21,2026-06-22T02:37:07+00:00
2026-06-22,2026-06-23T02:37:18+00:00
2026-06-23,2026-06-24T02:37:27+00:00
2026-06-24,2026-06-25T02:37:35+00:00
2026-06-25,2026-06-26T02:37:41+00:00
2026-06-26,2026-06-27T02:37:44+00:00
2026-06-27,2026-06-28T02:37:46+00:00
2026-06-28,2026-06-29T02:37:46+00:00
2026-06-29,2026-06-30T02:37:44+00:00
2026-06-30,2026-07-01T02:37:40+00:00
2026-07-01,2026-07-02T02:37:34+00:00
2026-07-02,2026-07-03T02:37:27+00:00
2026-07-03,2026-07-04T02:37:17+00:00
2026-07-04,2026-07-05T02:37:05+00:00
2026-07-05,2026-07-06T02:36:51+00:00
2026-07-06,2026-07-07T02:36:35+00:00
2026-07-07,2026-07-08T02:36:18+00:00
2026-07-08,2026-07-09T02:35:58+00:00
2026-07-09,2026-07-10T02:35:36+00:00
2026-07-10,2026-07-11T02:35:13+00:00
2026-07-11,2026-07-12T02:34:47+00:00
2026-07-12,2026-07-13T02:34:20+00:00
2026-07-13,2026-07-14T02:33:50+00:00
2026-07-14,2026-07-15T02:33:19+00:00
2026-07-15,2026-07-16T02:32:46+00:00
2026-07-16,2026-07-17T02:32:11+00:00
2026-07-17,2026-07-18T02:31:34+00:00
2026-07-18,2026-07-19T02:30:55+00:00
2026-07-19,2026-07-20T02:30:14+00:00
2026-07-20,2026-07-21T02:29:32+00:00
2026-07-21,2026-07-22T02:28:47+00:00
2026-07-22,2026-07-23T02:28:01+00:00
2026-07-23,2026-07-24T02:27:14+00:00
2026-07-24,2026-07-25T02:26:24+00:00
2026-07-25,2026-07-26T02:25:33+00:00
2026-07-26,2026-07-27T02:24:40+00:00
2026-07-27,2026-07-28T02:23:46+00:00
2026-07-28,2026-07-29T02:22:50+00:00
2026-07-29,2026-07-30T02:21:52+00:00
2026-07-30,2026-07-31T02:20:53+00:00
2026-07-31,2026-08-01T02:19:52+00:00
2026-08-01,2026-08-02T02:18:50+00:00
2026-08-02,2026-08-03T02:17:46+00:00
2026-08-03,2026-08-04T02:16:41+00:00
2026-08-04,2026-08-05T02:15:34+00:00
2026-08-05,2026-08-06T02:14:26+00:00
2026-08-06,2026-08-07T02:13:17+00:00
2026-08-07,2026-08-08T02:12:06+00:00
2026-08-08,2026-08-09T02:10:54+00:00
2026-08-09,2026-08-10T02:09:41+00:00
2026-08-10,2026-08-11T02:08:26+00:00
2026-08-11,2026-08-12T02:07:11+00:00
2026-08-12,2026-08-13T02:05:54+00:00
2026-08-13,2026-08-14T02:04:36+00:00
2026-08-14,2026-08-15T02:03:17+00:00
2026-08-15,2026-08-16T02:01:56+00:00
2026-08-16,2026-08-17T02:00:35+00:00
2026-08-17,2026-08-18T01:59:13+00:00
2026-08-18,2026-08-19T01:57:50+00:00
2026-08-19,2026-08-20T01:56:25+00:00
2026-08-20,2026-08-21T01:55:00+00:00
2026-08-21,2026-08-22T01:53:34+00:00
2026-08-22,2026-08-23T01:52:07+00:00
2026-08-23,2026-08-24T01:50:40+00:00
2026-08-24,2026-08-25T01:49:11+00:00
2026-08-25,2026-08-26T01:47:42+00:00
2026-08-26,2026-08-27T01:46:12+00:00
2026-08-27,2026-08-28T01:44:41+00:00
2026-08-28,2026-08-29T01:43:10+00:00
2026-08-29,2026-08-30T01:41:37+00:00
2026-08-30,2026-08-31T01:40:05+00:00
2026-08-31,2026-09-01T01:38:32+00:00
2026-09-01,2026-09-02T01:36:58+00:00
2026-09-02,2026-09-03T01:35:23+00:00
2026-09-03,2026-09-04T01:33:49+00:00
2026-09-04,2026-09-05T01:32:13+00:00
2026-09-05,2026-09-06T01:30:38+00:00
2026-09-06,2026-09-07T01:29:01+00:00
2026-09-07,2026-09-08T01:27:25+00:00
2026-09-08,2026-09-09T01:25:48+00:00
2026-09-09,2026-09-10T01:24:11+00:00
2026-09-10,2026-09-11T01:22:33+00:00
2026-09-11,2026-09-12T01:20:56+00:00
2026-09-12,2026-09-13T01:19:18+00:00
2026-09-13,2026-09-14T01:17:40+00:00
2026-09-14,2026-09-15T01:16:01+00:00
2026-09-15,2026-09-16T01:14:23+00:00
2026-09-16,2026-09-17T01:12:44+00:00
2026-09-17,2026-09-18T01:11:06+00:00
2026-09-18,2026-09-19T01:09:27+00:00
2026-09-19,2026-09-20T01:07:48+00:00
2026-09-20,2026-09-21T01:06:09+00:00
2026-09-21,2026-09-22T01:04:31+00:00
2026-09-22,2026-09-23T01:02:52+00:00
2026-09-23,2026-09-24T01:01:14+00:00
2026-09-24,2026-09-25T00:59:35+00:00
2026-09-25,2026-09-26T00:57:57+00:00
2026-09-26,2026-09-27T00:56:19+00:00
2026-09-27,2026-09-28T00:54:41+00:00
2026-09-28,2026-09-29T00:53:04+00:00
2026-09-29,2026-09-30T00:51:26+00:00
2026-09-30,2026-10-01T00:49:49+00:00
2026-10-01,2026-10-02T00:48:13+00:00
2026-10-02,2026-10-03T00:46:36+00:00
2026-10-03,2026-10-04T00:45:01+00:00
2026-10-04,2026-10-05T00:43:25+00:00
2026-10-05,2026-10-06T00:41:50+00:00
2026-10-06,2026-10-07T00:40:16+00:00
2026-10-07,2026-10-08T00:38:42+00:00
2026-10-08,2026-10-09T00:37:08+00:00
2026-10-09,2026-10-10T00:35:35+00:00
2026-10-10,2026-10-11T00:34:03+00:00
2026-10-11,2026-10-12T00:32:32+00:00
2026-10-12,2026-10-13T00:31:01+00:00
2026-10-13,2026-10-14T00:29:31+00:00
2026-10-14,2026-10-15T00:28:01+00:00
2026-10-15,2026-10-16T00:26:33+00:00
2026-10-16,2026-10-17T00:25:05+00:00
2026-10-17,2026-10-18T00:23:38+00:00
2026-10-18,2026-10-19T00:22:12+00:00
2026-10-19,2026-10-20T00:20:46+00:00
2026-10-20,2026-10-21T00:19:22+00:00
2026-10-21,2026-10-22T00:17:59+00:00
2026-10-22,2026-10-23T00:16:37+00:00
2026-10-23,2026-10-24T00:15:15+00:00
2026-10-24,2026-10-25T00:13:55+00:00
2026-10-25,2026-10-26T00:12:36+00:00
2026-10-26,2026-10-27T00:11:19+00:00
2026-10-27,2026-10-28T00:10:02+00:00
2026-10-28,2026-10-29T00:08:46+00:00
2026-10-29,2026-10-30T00:07:32+00:00
2026-10-30,2026-10-31T00:06:19+00:00
2026-10-31,2026-11-01T00:05:08+00:00
2026-11-01,2026-11-02T00:03:58+00:00
2026-11-02,2026-11-03T00:02:49+00:00
2026-11-03,2026-11-04T00:01:41+00:00
2026-11-04,2026-11-05T00:00:35+00:00
2026-11-05,2026-11-05T23:59:31+00:00
2026-11-06,2026-11-06T23:58:28+00:00
2026-11-07,2026-11-07T23:57:27+00:00
2026-11-08,2026-11-08T23:56:27+00:00
2026-11-09,2026-11-09T23:55:29+00:00
2026-11-10,2026-11-10T23:54:33+00:00
2026-11-11,2026-11-11T23:53:38+00:00
2026-11-12,2026-11-12T23:52:45+00:00
2026-11-13,2026-11-13T23:51:54+00:00
2026-11-14,2026-11-14T23:51:04+00:00
2026-11-15,2026-11-15T23:50:17+00:00
2026-11-16,2026-11-16T23:49:31+00:00
2026-11-17,2026-11-17T23:48:47+00:00
2026-11-18,2026-11-18T23:48:05+00:00
2026-11-19,2026-11-19T23:47:25+00:00
2026-11-20,2026-11-20T23:46:47+00:00
2026-11-21,2026-11-21T23:46:11+00:00
2026-11-22,2026-11-22T23:45:37+00:00
2026-11-23,2026-11-23T23:45:06+00:00
2026-11-24,2026-11-24T23:44:36+00:00
2026-11-25,2026-11-25T23:44:08+00:00
2026-11-26,2026-11-26T23:43:42+00:00
2026-11-27,2026-11-27T23:43:19+00:00
2026-11-28,2026-11-28T23:42:58+00:00
2026-11-29,2026-11-29T23:42:38+00:00
2026-11-30,2026-11-30T23:42:22+00:00
2026-12-01,2026-12-01T23:42:07+00:00
2026-12-02,2026-12-02T23:41:54+00:00
2026-12-03,2026-12-03T23:41:44+00:00
2026-12-04,2026-12-04T23:41:36+00:00
2026-12-05,2026-12-05T23:41:30+00:00
2026-12-06,2026-12-06T23:41:26+00:00
2026-12-07,2026-12-07T23:41:25+00:00
2026-12-08,2026-12-08T23:41:26+00:00
2026-12-09,2026-12-09T23:41:29+00:00
2026-12-10,2026-12-10T23:41:34+00:00
2026-12-11,2026-12-11T23:41:41+00:00
2026-12-12,2026-12-12T23:41:51+00:00
2026-12-13,2026-12-13T23:42:03+00:00
2026-12-14,2026-12-14T23:42:17+00:00
2026-12-15,2026-12-15T23:42:33+00:00
2026-12-16,2026-12-16T23:42:51+00:00
2026-12-17,2026-12-17T23:43:12+00:00
2026-12-18,2026-12-18T23:43:35+00:00
2026-12-19,2026-12-19T23:43:59+00:00
2026-12-20,2026-12-20T23:44:26+00:00
2026-12-21,2026-12-21T23:44:55+00:00
2026-12-22,2026-12-22T23:45:25+00:00
2026-12-23,2026-12-23T23:45:58+00:00
2026-12-24,2026-12-24T23:46:32+00:00
2026-12-25,2026-12-25T23:47:09+00:00
2026-12-26,2026-12-26T23:47:47+00:00
2026-12-27,2026-12-27T23:48:27+00:00
2026-12-28,2026-12-28T23:49:09+00:00
2026-12-29,2026-12-29T23:49:52+00:00
2026-12-30,2026-12-30T23:50:37+00:00
2026-12-31,2026-12-31T23:51:24+00:00
2027-01-01,2027-01-01T23:52:12+00:00
2027-01-02,2027-01-02T23:53:02+00:00
2027-01-03,2027-01-03T23:53:53+00:00
2027-01-04,2027-01-04T23:54:46+00:00
2027-01-05,2027-01-05T23:55:40+00:00
2027-01-06,2027-01-06T23:56:35+00:00
2027-01-07,2027-01-07T23:57:32+00:00
2027-01-08,2027-01-08T23:58:30+00:00
2027-01-09,2027-01-09T23:59:29+00:00
2027-01-10,2027-01-11T00:00:29+00:00
2027-01-11,2027-01-12T00:01:30+00:00
2027-01-12,2027-01-13T00:02:32+00:00
2027-01-13,2027-01-14T00:03:34+00:00
2027-01-14,2027-01-15T00:04:38+00:00
2027-01-15,2027-01-16T00:05:43+00:00
2027-01-16,2027-01-17T00:06:48+00:00
2027-01-17,2027-01-18T00:07:54+00:00
2027-01-18,2027-01-19T00:09:01+00:00
2027-01-19,2027-01-20T00:10:08+00:00
2027-01-20,2027-01-21T00:11:16+00:00
2027-01-21,2027-01-22T00:12:24+00:00
2027-01-22,2027-01-23T00:13:33+00:00
2027-01-23,2027-01-24T00:14:42+00:00
2027-01-24,2027-01-25T00:15:52+00:00
2027-01-25,2027-01-26T00:17:02+00:00
2027-01-26,2027-01-27T00:18:12+00:00
2027-01-27,2027-01-28T00:19:23+00:00
2027-01-28,2027-01-29T00:20:34+00:00
2027-01-29,2027-01-30T00:21:44+00:00
2027-01-30,2027-01-31T00:22:55+00:00
2027-01-31,2027-02-01T00:24:07+00:00
2027-02-01,2027-02-02T00:25:18+00:00
2027-02-02,2027-02-03T00:26:29+00:00
2027-02-03,2027-02-04T00:27:40+00:00
2027-02-04,2027-02-05T00:28:51+00:00
2027-02-05,2027-02-06T00:30:03+00:00
2027-02-06,2027-02-07T00:31:14+00:00
2027-02-07,2027-02-08T00:32:25+00:00
2027-02-08,2027-02-09T00:33:35+00:00
2027-02-09,2027-02-10T00:34:46+00:00
2027-02-10,2027-02-11T00:35:57+00:00
2027-02-11,2027-02-12T00:37:07+00:00
2027-02-12,2027-02-13T00:38:17+00:00
2027-02-13,2027-02-14T00:39:27+00:00
2027-02-14,2027-02-15T00:40:37+00:00
2027-02-15,2027-02-16T00:41:46+00:00
2027-02-16,2027-02-17T00:42:55+00:00
2027-02-17,2027-02-18T00:44:04+00:00
2027-02-18,2027-02-19T00:45:13+00:00
2027-02-19,2027-02-20T00:46:21+00:00
2027-02-20,2027-02-21T00:47:29+00:00
2027-02-21,2027-02-22T00:48:37+00:00
2027-02-22,2027-02-23T00:49:45+00:00
2027-02-23,2027-02-24T00:50:52+00:00
2027-02-24,2027-02-25T00:51:59+00:00
2027-02-25,2027-02-26T00:53:05+00:00
2027-02-26,2027-02-27T00:54:12+00:00
2027-02-27,2027-02-28T00:55:18+00:00
2027-02-28,2027-03-01T00:56:23+00:00
2027-03-01,2027-03-02T00:57:29+00:00
2027-03-02,2027-03-03T00:58:34+00:00
2027-03-03,2027-03-04T00:59:39+00:00
2027-03-04,2027-03-05T01:00:43+00:00
2027-03-05,2027-03-06T01:01:47+00:00
2027-03-06,2027-03-07T01:02:51+00:00
2027-03-07,2027-03-08T01:03:55+00:00
2027-03-08,2027-03-09T01:04:58+00:00
2027-03-09,2027-03-10T01:06:02+00:00
2027-03-10,2027-03-11T01:07:05+00:00
2027-03-11,2027-03-12T01:08:07+00:00
2027-03-12,2027-03-13T01:09:10+00:00
2027-03-13,2027-03-14T01:10:12+00:00
2027-03-14,2027-03-15T01:11:14+00:00
2027-03-15,2027-03-16T01:12:16+00:00
2027-03-16,2027-03-17T01:13:17+00:00
2027-03-17,2027-03-18T01:14:19+00:00
2027-03-18,2027-03-19T01:15:20+00:00
2027-03-19,2027-03-20T01:16:21+00:00
2027-03-20,2027-03-21T01:17:22+00:00
2027-03-21,2027-03-22T01:18:23+00:00
2027-03-22,2027-03-23T01:19:24+00:00
2027-03-23,2027-03-24T01:20:24+00:00
2027-03-24,2027-03-25T01:21:25+00:00
2027-03-25,2027-03-26T01:22:25+00:00
2027-03-26,2027-03-27T01:23:26+00:00
2027-03-27,2027-03-28T01:24:26+00:00
2027-03-28,2027-03-29T01:25:26+00:00
2027-03-29,2027-03-30T01:26:26+00:00
2027-03-30,2027-03-31T01:27:26+00:00
2027-03-31,2027-04-01T01:28:26+00:00
2027-04-01,2027-04-02T01:29:26+00:00
2027-04-02,2027-04-03T01:30:26+00:00
2027-04-03,2027-04-04T01:31:26+00:00
2027-04-04,2027-04-05T01:32:26+00:00
2027-04-05,2027-04-06T01:33:26+00:00
2027-04-06,2027-04-07T01:34:26+00:00
2027-04-07,2027-04-08T01:35:26+00:00
2027-04-08,2027-04-09T01:36:26+00:00
2027-04-09,2027-04-10T01:37:25+00:00
2027-04-10,2027-04-11T01:38:25+00:00
2027-04-11,2027-04-12T01:39:25+00:00
2027-04-12,2027-04-13T01:40:25+00:00
2027-04-13,2027-04-14T01:41:26+00:00
2027-04-14,2027-04-15T01:42:26+00:00
2027-04-15,2027-04-16T01:43:26+00:00
2027-04-16,2027-04-17T01:44:26+00:00
2027-04-17,2027-04-18T01:45:26+00:00
2027-04-18,2027-04-19T01:46:26+00:00
2027-04-19,2027-04-20T01:47:27+00:00
2027-04-20,2027-04-21T01:48:27+00:00
2027-04-21,2027-04-22T01:49:27+00:00
2027-04-22,2027-04-23T01:50:27+00:00
2027-04-23,2027-04-24T01:51:28+00:00
2027-04-24,2027-04-25T01:52:28+00:00
2027-04-25,2027-04-26T01:53:28+00:00
2027-04-26,2027-04-27T01:54:28+00:00
2027-04-27,2027-04-28T01:55:29+00:00
2027-04-28,2027-04-29T01:56:29+00:00
2027-04-29,2027-04-30T01:57:29+00:00
2027-04-30,2027-05-01T01:58:29+00:00
2027-05-01,2027-05-02T01:59:29+00:00
2027-05-02,2027-05-03T02:00:29+00:00
2027-05-03,2027-05-04T02:01:28+00:00
2027-05-04,2027-05-05T02:02:28+00:00
2027-05-05,2027-05-06T02:03:27+00:00
2027-05-06,2027-05-07T02:04:27+00:00
2027-05-07,2027-05-08T02:05:26+00:00
2027-05-08,2027-05-09T02:06:24+00:00
2027-05-09,2027-05-10T02:07:23+00:00
2027-05-10,2027-05-11T02:08:21+00:00
2027-05-11,2027-05-12T02:09:19+00:00
2027-05-12,2027-05-13T02:10:17+00:00
2027-05-13,2027-05-14T02:11:14+00:00
2027-05-14,2027-05-15T02:12:11+00:00
2027-05-15,2027-05-16T02:13:07+00:00
2027-05-16,2027-05-17T02:14:03+00:00
2027-05-17,2027-05-18T02:14:58+00:00
2027-05-18,2027-05-19T02:15:53+00:00
2027-05-19,2027-05-20T02:16:48+00:00
2027-05-20,2027-05-21T02:17:41+00:00
2027-05-21,2027-05-22T02:18:35+00:00
2027-05-22,2027-05-23T02:19:27+00:00
2027-05-23,2027-05-24T02:20:19+00:00
2027-05-24,2027-05-25T02:21:10+00:00
2027-05-25,2027-05-26T02:22:00+00:00
2027-05-26,2027-05-27T02:22:49+00:00
2027-05-27,2027-05-28T02:23:37+00:00
2027-05-28,2027-05-29T02:24:25+00:00
2027-05-29,2027-05-30T02:25:11+00:00
2027-05-30,2027-05-31T02:25:57+00:00
2027-05-31,2027-06-01T02:26:41+00:00
2027-06-01,2027-06-02T02:27:25+00:00
2027-06-02,2027-06-03T02:28:07+00:00
2027-06-03,2027-06-04T02:28:48+00:00
2027-06-04,2027-06-05T02:29:28+00:00
2027-06-05,2027-06-06T02:30:07+00:00
2027-06-06,2027-06-07T02:30:44+00:00
2027-06-07,2027-06-08T02:31:20+00:00
2027-06-08,2027-06-09T02:31:55+00:00
2027-06-09,2027-06-10T02:32:28+00:00
2027-06-10,2027-06-11T02:33:00+00:00
2027-06-11,2027-06-12T02:33:30+00:00
2027-06-12,2027-06-13T02:33:59+00:00
2027-06-13,2027-06-14T02:34:26+00:00
2027-06-14,2027-06-15T02:34:52+00:00
2027-06-15,2027-06-16T02:35:16+00:00
2027-06-16,2027-06-17T02:35:38+00:00
2027-06-17,2027-06-18T02:35:59+00:00
2027-06-18,2027-06-19T02:36:18+00:00
2027-06-19,2027-06-20T02:36:35+00:00
2027-06-20,2027-06-21T02:36:50+00:00
2027-06-21,2027-06-22T02:37:04+00:00
2027-06-22,2027-06-23T02:37:15+00:00
2027-06-23,2027-06-24T02:37:25+00:00
2027-06-24,2027-06-25T02:37:33+00:00
2027-06-25,2027-06-26T02:37:40+00:00
2027-06-26,2027-06-27T02:37:44+00:00
2027-06-27,2027-06-28T02:37:46+00:00
2027-06-28,2027-06-29T02:37:47+00:00
2027-06-29,2027-06-30T02:37:45+00:00
2027-06-30,2027-07-01T02:37:42+00:00
2027-07-01,2027-07-02T02:37:36+00:00
2027-07-02,2027-07-03T02:37:29+00:00
2027-07-03,2027-07-04T02:37:19+00:00
2027-07-04,2027-07-05T02:37:08+00:00
2027-07-05,2027-07-06T02:36:55+00:00
2027-07-06,2027-07-07T02:36:39+00:00
2027-07-07,2027-07-08T02:36:22+00:00
2027-07-08,2027-07-09T02:36:03+00:00
2027-07-09,2027-07-10T02:35:42+00:00
2027-07-10,2027-07-11T02:35:19+00:00
2027-07-11,2027-07-12T02:34:54+00:00
2027-07-12,2027-07-13T02:34:27+00:00
2027-07-13,2027-07-14T02:33:58+00:00
2027-07-14,2027-07-15T02:33:27+00:00
2027-07-15,2027-07-16T02:32:54+00:00
2027-07-16,2027-07-17T02:32:19+00:00
2027-07-17,2027-07-18T02:31:43+00:00
2027-07-18,2027-07-19T02:31:04+00:00
2027-07-19,2027-07-20T02:30:24+00:00
2027-07-20,2027-07-21T02:29:42+00:00
2027-07-21,2027-07-22T02:28:58+00:00
2027-07-22,2027-07-23T02:28:13+00:00
2027-07-23,2027-07-24T02:27:25+00:00
2027-07-24,2027-07-25T02:26:36+00:00
2027-07-25,2027-07-26T02:25:46+00:00
2027-07-26,2027-07-27T02:24:53+00:00
2027-07-27,2027-07-28T02:23:59+00:00
2027-07-28,2027-07-29T02:23:03+00:00
2027-07-29,2027-07-30T02:22:06+00:00
2027-07-30,2027-07-31T02:21:07+00:00
2027-07-31,2027-08-01T02:20:07+00:00
2027-08-01,2027-08-02T02:19:05+00:00
2027-08-02,2027-08-03T02:18:02+00:00
2027-08-03,2027-08-04T02:16:57+00:00
2027-08-04,2027-08-05T02:15:50+00:00
2027-08-05,2027-08-06T02:14:43+00:00
2027-08-06,2027-08-07T02:13:34+00:00
2027-08-07,2027-08-08T02:12:23+00:00
2027-08-08,2027-08-09T02:11:12+00:00
2027-08-09,2027-08-10T02:09:59+00:00
2027-08-10,2027-08-11T02:08:44+00:00
2027-08-11,2027-08-12T02:07:29+00:00
2027-08-12,2027-08-13T02:06:12+00:00
2027-08-13,2027-08-14T02:04:55+00:00
2027-08-14,2027-08-15T02:03:36+00:00
2027-08-15,2027-08-16T02:02:16+00:00
2027-08-16,2027-08-17T02:00:55+00:00
2027-08-17,2027-08-18T01:59:33+00:00
2027-08-18,2027-08-19T01:58:10+00:00
2027-08-19,2027-08-20T01:56:46+00:00
2027-08-20,2027-08-21T01:55:21+00:00
2027-08-21,2027-08-22T01:53:55+00:00
2027-08-22,2027-08-23T01:52:28+00:00
2027-08-23,2027-08-24T01:51:01+00:00
2027-08-24,2027-08-25T01:49:33+00:00
2027-08-25,2027-08-26T01:48:03+00:00
2027-08-26,2027-08-27T01:46:34+00:00
2027-08-27,2027-08-28T01:45:03+00:00
2027-08-28,2027-08-29T01:43:32+00:00
2027-08-29,2027-08-30T01:42:00+00:00
2027-08-30,2027-08-31T01:40:27+00:00
2027-08-31,2027-09-01T01:38:54+00:00
2027-09-01,2027-09-02T01:37:21+00:00
2027-09-02,2027-09-03T01:35:46+00:00
2027-09-03,2027-09-04T01:34:12+00:00
2027-09-04,2027-09-05T01:32:36+00:00
2027-09-05,2027-09-06T01:31:01+00:00
2027-09-06,2027-09-07T01:29:25+00:00
2027-09-07,2027-09-08T01:27:48+00:00
2027-09-08,2027-09-09T01:26:12+00:00
2027-09-09,2027-09-10T01:24:34+00:00
2027-09-10,2027-09-11T01:22:57+00:00
2027-09-11,2027-09-12T01:21:19+00:00
2027-09-12,2027-09-13T01:19:41+00:00
2027-09-13,2027-09-14T01:18:03+00:00
2027-09-14,2027-09-15T01:16:25+00:00
2027-09-15,2027-09-16T01:14:47+00:00
2027-09-16,2027-09-17T01:13:08+00:00
2027-09-17,2027-09-18T01:11:29+00:00
2027-09-18,2027-09-19T01:09:51+00:00
2027-09-19,2027-09-20T01:08:12+00:00
2027-09-20,2027-09-21T01:06:33+00:00
2027-09-21,2027-09-22T01:04:55+00:00
2027-09-22,2027-09-23T01:03:16+00:00
2027-09-23,2027-09-24T01:01:38+00:00
2027-09-24,2027-09-25T00:59:59+00:00
2027-09-25,2027-09-26T00:58:21+00:00
2027-09-26,2027-09-27T00:56:43+00:00
2027-09-27,2027-09-28T00:55:05+00:00
2027-09-28,2027-09-29T00:53:27+00:00
2027-09-29,2027-09-30T00:51:50+00:00
2027-09-30,2027-10-01T00:50:13+00:00
2027-10-01,2027-10-02T00:48:36+00:00
2027-10-02,2027-10-03T00:47:00+00:00
2027-10-03,2027-10-04T00:45:24+00:00
2027-10-04,2027-10-05T00:43:48+00:00
2027-10-05,2027-10-06T00:42:13+00:00
2027-10-06,2027-10-07T00:40:39+00:00
2027-10-07,2027-10-08T00:39:04+00:00
2027-10-08,2027-10-09T00:37:31+00:00
2027-10-09,2027-10-10T00:35:58+00:00
2027-10-10,2027-10-11T00:34:26+00:00
2027-10-11,2027-10-12T00:32:54+00:00
2027-10-12,2027-10-13T00:31:23+00:00
2027-10-13,2027-10-14T00:29:52+00:00
2027-10-14,2027-10-15T00:28:23+00:00
2027-10-15,2027-10-16T00:26:54+00:00
2027-10-16,2027-10-17T00:25:26+00:00
2027-10-17,2027-10-18T00:23:59+00:00
2027-10-18,2027-10-19T00:22:32+00:00
2027-10-19,2027-10-20T00:21:07+00:00
2027-10-20,2027-10-21T00:19:43+00:00
2027-10-21,2027-10-22T00:18:19+00:00
2027-10-22,2027-10-23T00:16:57+00:00
2027-10-23,2027-10-24T00:15:35+00:00
2027-10-24,2027-10-25T00:14:15+00:00
2027-10-25,2027-10-26T00:12:55+00:00
2027-10-26,2027-10-27T00:11:37+00:00
2027-10-27,2027-10-28T00:10:20+00:00
2027-10-28,2027-10-29T00:09:05+00:00
2027-10-29,2027-10-30T00:07:50+00:00
2027-10-30,2027-10-31T00:06:37+00:00
2027-10-31,2027-11-01T00:05:25+00:00
2027-11-01,2027-11-02T00:04:14+00:00
2027-11-02,2027-11-03T00:03:05+00:00
2027-11-03,2027-11-04T00:01:57+00:00
2027-11-04,2027-11-05T00:00:51+00:00
2027-11-05,2027-11-05T23:59:46+00:00
2027-11-06,2027-11-06T23:58:43+00:00
2027-11-07,2027-11-07T23:57:41+00:00
2027-11-08,2027-11-08T23:56:41+00:00
2027-11-09,2027-11-09T23:55:43+00:00
2027-11-10,2027-11-10T23:54:46+00:00
2027-11-11,2027-11-11T23:53:51+00:00
2027-11-12,2027-11-12T23:52:58+00:00
2027-11-13,2027-11-13T23:52:06+00:00
2027-11-14,2027-11-14T23:51:16+00:00
2027-11-15,2027-11-15T23:50:28+00:00
2027-11-16,2027-11-16T23:49:42+00:00
2027-11-17,2027-11-17T23:48:58+00:00
2027-11-18,2027-11-18T23:48:15+00:00
2027-11-19,2027-11-19T23:47:35+00:00
2027-11-20,2027-11-20T23:46:56+00:00
2027-11-21,2027-11-21T23:46:20+00:00
2027-11-22,2027-11-22T23:45:45+00:00
2027-11-23,2027-11-23T23:45:13+00:00
2027-11-24,2027-11-24T23:44:43+00:00
2027-11-25,2027-11-25T23:44:14+00:00
2027-11-26,2027-11-26T23:43:48+00:00
2027-11-27,2027-11-27T23:43:24+00:00
2027-11-28,2027-11-28T23:43:03+00:00
2027-11-29,2027-11-29T23:42:43+00:00
2027-11-30,2027-11-30T23:42:25+00:00
2027-12-01,2027-12-01T23:42:10+00:00
2027-12-02,2027-12-02T23:41:57+00:00
2027-12-03,2027-12-03T23:41:46+00:00
2027-12-04,2027-12-04T23:41:37+00:00
2027-12-05,2027-12-05T23:41:31+00:00
2027-12-06,2027-12-06T23:41:27+00:00
2027-12-07,2027-12-07T23:41:25+00:00
2027-12-08,2027-12-08T23:41:25+00:00
2027-12-09,2027-12-09T23:41:28+00:00
2027-12-10,2027-12-10T23:41:32+00:00
2027-12-11,2027-12-11T23:41:39+00:00
2027-12-12,2027-12-12T23:41:48+00:00
2027-12-13,2027-12-13T23:42:00+00:00
2027-12-14,2027-12-14T23:42:13+00:00
2027-12-15,2027-12-15T23:42:29+00:00
2027-12-16,2027-12-16T23:42:47+00:00
2027-12-17,2027-12-17T23:43:07+00:00
2027-12-18,2027-12-18T23:43:29+00:00
2027-12-19,2027-12-19T23:43:53+00:00
2027-12-20,2027-12-20T23:44:19+00:00
2027-12-21,2027-12-21T23:44:47+00:00
2027-12-22,2027-12-22T23:45:17+00:00
2027-12-23,2027-12-23T23:45:50+00:00
2027-12-24,2027-12-24T23:46:24+00:00
2027-12-25,2027-12-25T23:47:00+00:00
2027-12-26,2027-12-26T23:47:37+00:00
2027-12-27,2027-12-27T23:48:17+00:00
2027-12-28,2027-12-28T23:48:58+00:00
2027-12-29,2027-12-29T23:49:41+00:00
2027-12-30,2027-12-30T23:50:26+00:00
2027-12-31,2027-12-31T23:51:13+00:00
